<?xml version="1.0" encoding="utf-8"?>
<modification>
    <name>Admin Full Filter Selection</name>
    <code>admin_full_filter_selection</code>
    <version>1.0</version>
    <author>Vivekweb</author>
    <link>http://vivekweb.site/</link>
    <file path="admin/controller/catalog/product.php">
        <operation>
            <search><![CDATA[
            $data['product_filters'] = array();
            ]]></search>
            <add position="before"><![CDATA[
                $filters_all = $this->model_catalog_filter->getFilters(array());
				$data['product_filters_all'] = array();
					foreach ($filters_all as $filter_info_1) {
						$filter_info = $this->model_catalog_filter->getFilter($filter_info_1['filter_id']);


						if ($filter_info) {
							$data['product_filters_all'][] = array(
								'name2'     => $filter_info['group'] . ' &gt; ' . $filter_info['name'],
								'group'     => $filter_info['group'],
								'name'     	=> $filter_info['name'],
								'filter_id' => $filter_info['filter_id'],
								'selected' => (in_array($filter_info['filter_id'], $filters)) ? 'checked' : ''
							);
						}
					}
				sort($data['product_filters_all']);
            ]]></add>
        </operation>
    </file>
    <file path="admin/view/template/catalog/product_form.twig">
        <operation>
            <search><![CDATA[
            {{ entry_filter }}</span></label>
            ]]></search>
            <add position="replace" offset = "7"><![CDATA[
            {{ entry_filter }}</span></label>
		<div class="col-sm-10">
			<div id="product-filter" class="well well-sm" style="overflow: auto;">
				{% set group1 = '' %}
				{% for product_filter in product_filters_all %}
					{% if group1 != product_filter['group'] %}
						{% if group1 != '' %}
								</div>
							</div>
						</div>
						<div style="clear:both;"> </div>
						{% endif %} {% set group1 = product_filter['group'] %}
						<div class="panel-group">
							<div class="panel panel-default">
								<div id="product-filter-all{{ product_filter['filter_id'] }}" style="width:250px; float:left; display:inline-block;" class="panel-heading">
									<h4 class="panel-title">
									<b><a data-toggle="collapse" href="#collapse-filters-{{ product_filter['filter_id'] }}">{{ group1 }}</a></b>
									</h4>
								</div><div style="clear:both;"> </div>
						<div id="collapse-filters-{{ product_filter['filter_id'] }}" class="panel-collapse collapse">
					{% endif %}
					<div id="product-filter-all{{ product_filter['filter_id'] }}" style="width:210px; float:left; display:inline-block; padding:15px;" >
						<label for="{{ product_filter['filter_id'] }}">
						<input type="checkbox" name="product_filter[]" id="{{ product_filter['filter_id'] }}" value="{{ product_filter['filter_id'] }}"
						{{ product_filter['selected'] }} /> {{ product_filter['name'] }}
						</label>
					</div>
				{% endfor %}
			</div>
			</div>
			</div></div>
            ]]></add>
        </operation>
    </file>
    <file path="catalog/controller/extension/account/purpletree_multivendor/sellerproduct.php">
        <operation>
            <search><![CDATA[
            $data['product_filters'] = array();
            ]]></search>
            <add position="before"><![CDATA[
                $filters_all = $this->model_extension_catalog_filter->getFilters(array());
        $data['product_filters_all'] = array();
          foreach ($filters_all as $filter_info_1) {
            $filter_info = $this->model_extension_catalog_filter->getFilter($filter_info_1['filter_id']);


            if ($filter_info) {
              $data['product_filters_all'][] = array(
                'name2'     => $filter_info['group'] . ' &gt; ' . $filter_info['name'],
                'group'     => $filter_info['group'],
                'name'      => $filter_info['name'],
                'filter_id' => $filter_info['filter_id'],
                'selected' => (in_array($filter_info['filter_id'], $filters)) ? 'checked' : ''
              );
            }
          }
        sort($data['product_filters_all']);
            ]]></add>
        </operation>
    </file>
    <file path="catalog/view/theme/default/template/account/purpletree_multivendor/product_form.twig">
        <operation>
            <search><![CDATA[
            {{ entry_filter }}</span></label>
            ]]></search>
            <add position="replace" offset = "7"><![CDATA[
            {{ entry_filter }}</span></label>
    <div class="pts-col-sm-10">
      <div id="product-filter" class="well well-sm" style="overflow: auto;">
        {% set group1 = '' %}
        {% for product_filter in product_filters_all %}
          {% if group1 != product_filter['group'] %}
            {% if group1 != '' %}
                </div>
              </div>
            </div>
            <div style="clear:both;"> </div>
            {% endif %} {% set group1 = product_filter['group'] %}
            <div class="panel-group">
              <div class="panel panel-default">
                <div id="product-filter-all{{ product_filter['filter_id'] }}" style="width:250px; float:left; display:inline-block;" class="panel-heading">
                  <h4 class="panel-title">
                  <b><a data-toggle="collapse" href="#collapse-filters-{{ product_filter['filter_id'] }}">{{ group1 }}</a></b>
                  </h4>
                </div><div style="clear:both;"> </div>
            <div id="collapse-filters-{{ product_filter['filter_id'] }}" class="panel-collapse collapse">
          {% endif %}
          <div id="product-filter-all{{ product_filter['filter_id'] }}" style="width:210px; float:left; display:inline-block; padding:15px;" >
            <label for="{{ product_filter['filter_id'] }}">
            <input type="checkbox" name="product_filter[]" id="{{ product_filter['filter_id'] }}" value="{{ product_filter['filter_id'] }}"
            {{ product_filter['selected'] }} /> {{ product_filter['name'] }}
            </label>
          </div>
        {% endfor %}
      </div>
      </div>
      </div></div>
            ]]></add>
        </operation>
    </file>
	<file path="admin/controller/catalog/category.php">
        <operation>
			<search position="after"><![CDATA[$data['category_filters'] = array();]]></search>
			<add><![CDATA[
				$filters_all = $this->model_catalog_filter->getFilters(array());
				$data['category_filters_all'] = array();
				foreach ($filters_all as $filter_info_1) {
					$filter_info = $this->model_catalog_filter->getFilter($filter_info_1['filter_id']);

					if ($filter_info) {
						$data['category_filters_all'][] = array(
							'name2'     => $filter_info['group'] . ' &gt; ' . $filter_info['name'],
							'group'     => $filter_info['group'],
							'name'     	=> $filter_info['name'],
							'filter_id' => $filter_info['filter_id'],
							'selected' 	=> (in_array($filter_info['filter_id'], $filters)) ? 'checked' : ''
						);
					}
				}
				sort($data['category_filters_all']);]]>
			</add>
		</operation>
	</file>
	<file path="admin/view/template/catalog/category_form.twig">
        <operation>
			<search><![CDATA[
            {{ entry_filter }}</span></label>
            ]]></search>
             <add position="replace" offset = "9"><![CDATA[
            {{ entry_filter }}</span></label>
		<div class="col-sm-10">
			<div id="category-filter" class="well well-sm" style="overflow: auto;">
				{% set group1 = '' %}
				{% for category_filter in category_filters_all %}
					{% if group1 != category_filter['group'] %}
						{% if group1 != '' %}
								</div>
							</div>
						</div>
						<div style="clear:both;"> </div>
						{% endif %} {% set group1 = category_filter['group'] %}
						<div class="panel-group">
							<div class="panel panel-default">
								<div id="category-filter-all{{ category_filter['filter_id'] }}" style="width:250px; float:left; display:inline-block;" class="panel-heading">
									<h4 class="panel-title">
									<b><a data-toggle="collapse" href="#collapse-filters-{{ category_filter['filter_id'] }}">{{ group1 }}</a></b>
									</h4>
								</div><div style="clear:both;"> </div>
						<div id="collapse-filters-{{ category_filter['filter_id'] }}" class="panel-collapse collapse">
					{% endif %}
					<div id="category-filter-all{{ category_filter['filter_id'] }}" style="width:210px; float:left; display:inline-block; padding:15px;" >
						<label for="{{ category_filter['filter_id'] }}">
						<input type="checkbox" name="category_filter[]" id="{{ category_filter['filter_id'] }}" value="{{ category_filter['filter_id'] }}"
						{{ category_filter['selected'] }} /> {{ category_filter['name'] }}
						</label>
					</div>
				{% endfor %}
			</div>
			</div>
			</div></div>
            ]]></add>
        </operation>
	</file>
</modification>
